,query,prompt,response,status
0,Tell me about dogs.,Tell me about dogs.,"Here are some key facts about dogs: - Dogs are domesticated mammals that are part of the Canidae family, which also includes wolves, coyotes, and foxes.  - There are estimated to be around 900 million dogs worldwide. Dogs are one of the most popular pets and there are hundreds of different breeds. - Dogs have an excellent sense of smell, hearing, and vision. Their senses are much more acute than humans. Their sense of smell is about 40 times better than humans. - Dogs are omnivores and can adapt to different diets. Some of their favorite foods are meat, bones, fish, eggs, and many table scraps or dog treats. - Most dogs are very social and form strong bonds with their human owners. They are intelligent, trainable, and eager to please. Many breeds are highly active and require daily exercise and play.  - Dogs communicate in many ways including barks, whines, growls and howls. They also use body language by wagging their tail, moving their ears, showing their teeth, etc.  - Typical lifespan for dogs depends on their size and breed. On average, most dogs live between 10-13 years. Some breeds like Chihuahuas can live over 15 years. - Common health issues for dogs include obesity, dental disease, allergies, and joint problems. Responsible owners have their dogs vaccinated, dewormed, and provide veterinary care. - There are working dogs with important jobs like herding, hunting, security, service, rescue, and more. They are able to accomplish amazing feats with proper training. Let me know if you would like me to expand on any areas about dogs! They are a fascinating and diverse species.",Success
0,What are pigs?,What are pigs?,"Pigs are domesticated animals that belong to the Suidae family. Here are some key facts about pigs: - Pigs are omnivores and will eat a wide variety of foods including grains, fruit, vegetables, meat, and fish. Their diet in the wild and on farms mainly consists of grasses, roots, fruits, and flowers. - There are over 200 breeds of domestic pig worldwide. Some popular breeds include Yorkshire, Landrace, Duroc, Hampshire, and Polish. They are bred for different purposes like meat production, lard, pets, etc.  - Pigs are highly social and intelligent animals. They display behaviors like playing, learning tricks, using tools, and understanding mirrors. Their intelligence is considered to be close to dogs and even higher than 3-year-old humans. - An adult male pig is called a boar, an adult female is called a sow, and a young pig is called a piglet. Pigs give birth to litters of 6-12 piglets on average.  - Pigs use their snouts and sense of smell extensively to find food, dig, and interact with their environment. Their snouts are very sensitive with many sensory receptors. - Pigs roll around in mud to cool off and prevent sunburn. The mud also protects their skin from biting insects. - Pigs are raised commercially on farms for their meat, which is called pork. Other products derived from pigs include leather, glue, fertilizer, and insulin for diabetes treatment.  - While pigs were domesticated over 9,000 years ago, they are often viewed as dirty animals. But with proper care and hygiene practices, pigs can be very clean animals.",Success
0,Who takes care of dogs?,Who takes care of dogs?,"There are a few main people who take care of dogs: - Dog owners - The primary caretakers of dogs are usually their owners, who provide food, shelter, exercise, affection, and any other care the dog needs on a daily basis. Good dog owners make sure their dogs' basic needs are met. - Dog walkers/sitters - Many dog owners hire professional dog walkers or pet sitters to provide care when they are at work or traveling. These people will come to the home to walk, feed, and play with the dogs. - Veterinarians - Vets provide medical care to keep dogs healthy, like vaccinations, checkups, treatment when sick or injured, etc. Dog owners bring their pets to the vet regularly. - Groomers - Professional pet groomers bathe dogs, trim their nails, clean their ears, and provide haircuts or styling. Grooming helps keep dogs clean and neat.  - Shelter staff & volunteers - Staff and volunteers at animal shelters and rescue organizations care for homeless dogs until they can be adopted into new families. They feed, clean, socialize, and exercise the dogs. - Breeders - Reputable breeders raise puppies and care for breeding dogs. They make sure the dogs' health and wellbeing needs are met. - Dog trainers - Training classes and private sessions help socialize dogs and teach good manners. Dog trainers are skilled at positive reinforcement methods. - Dog daycares/boarders - These businesses care for dogs during the day or for short stays while the owners are away. The dogs play together and get attention and enrichment. So in summary, dogs rely on their loving owners as well as many pet care professionals to take great care of them throughout their lives. It takes a village to properly look after dogs.",Success
0,Who takes care of pigs?,Who takes care of pigs?,"Pigs are typically cared for by pig farmers or pork producers. Here are some details on who takes care of pigs: - Pig farmers work on pig farms and are responsible for the day-to-day care and raising of pigs. Their duties include feeding pigs, giving them water, monitoring their health, keeping their living spaces clean, breeding sows, assisting with births, and more. - Pork producers oversee pig farming operations and make high-level decisions. They manage finances, set production goals, coordinate marketing of pigs, and monitor the overall productivity and profitability of the farm. - Swine veterinarians provide medical care to pigs, treat diseases and injuries, prescribe medications, vaccinate pigs, and offer advice to farmers on health, nutrition, and proper care.  - Barn workers or livestock handlers assist the farmers with tasks like feeding, moving and loading pigs, cleaning barns, and monitoring animals. - Processing plant workers handle pigs during transportation to slaughterhouses and process pig carcasses into pork products once pigs have been slaughtered. - Animal science experts, agriculture extension agents, and industry organizations may also provide guidance to pig farmers on the latest advancements and best practices for pig care and management. In general, pig farmers and pork producers take on the main responsibilities of caring for pigs throughout their lifecycle from birth to market weight. They are supported by various other workers and professionals within the pork production system.",Success
0,Where do animals live?,Where do animals live?,"Animals can live in many different habitats and environments. Here are some common places animals live: - Forests - Many animals like deer, bears, birds, and insects live in forests. Forests provide food, shelter, and safety for animals. - Grasslands - Grasslands are home to grazing animals like bison, zebras, antelopes, and prairie dogs. The grasses and shrubs provide food for these herbivores (plant-eaters). - Deserts - Camels, snakes, lizards, and other animals are adapted to live in dry, hot deserts. They can go long periods without water and stay out of the heat in burrows. - Rainforests - Colorful birds, monkeys, frogs, big cats, and millions of insects live in dense, warm rainforests. There is plenty of food and places to hide from predators.  - Rivers and lakes - Freshwater habitats support fish, beavers, otters, water birds, and amphibians. Plants grow along banks and provide food. - Oceans - Ocean habitats are home to fish, seals, whales, sharks, sea turtles, coral, and tiny plankton. Most ocean life lives near coasts.  - Caves - Bats live in caves and use them as roosting spots. Some animals like bears hibernate in caves during cold winter months. - Backyards - Many animals like squirrels, rabbits, songbirds, and insects can live closely alongside humans in suburban areas. So in summary, animals live in many diverse ecosystems that provide their basic needs of food, water, shelter, and space. Their habitats can range from forests, to deserts, to right in our own backyards.",Success
0,What is a bat?,What is a bat?,"Here are a few key facts about bats: - Bats are mammals that can fly. They are the only mammals capable of sustained flight. - There are over 1,300 species of bats. They make up about 20% of all mammal species.  - Bats have wings formed by a thin membrane of skin called the patagium that stretches across elongated finger bones. Their wings allow them to fly and maneuver very efficiently. - Bats are nocturnal and use echolocation to navigate and hunt for food at night. They produce high-frequency sounds and listen for the echoes to detect obstacles and prey. - Most bats eat insects, but some species eat fruit, nectar, pollen, fish, frogs, or blood. Vampire bats feed solely on blood. - Bats play important ecological roles as pollinators and by dispersing seeds and controlling insect populations.  - Bats live in colonies and roost in caves, tree cavities, foliage, or buildings. Some migrate long distances each year. - While the majority of bats do not carry rabies, some species can transmit the disease to humans through bites, so caution should be used in handling bats. So in summary, bats are the only flying mammals and have unique adaptations like echolocation that allow them to thrive as nocturnal hunters and pollinators. They play vital roles in ecosystems around the world.",Success
0,Can you tell me about cows?,Can you tell me about cows?,"Here are some key facts about cows: - Cows are domesticated ungulates, usually kept as livestock for their milk, meat, and hides. There are around 1.5 billion cows worldwide. - Cows are ruminants, meaning they have a four-chambered stomach that allows them to digest tough grass and hay. They regurgitate their food and chew the cud to help further break down plant matter.  - There are many different breeds of cows, developed for different climates and production purposes. Some common breeds include Holstein, Angus, Hereford, Jersey, and Brahman.  - A cow's gestation period is around 9 months. Baby cows are called calves. Calves can walk within hours after birth and are weaned from their mother's milk at around 6-12 months old. - Cows are social, herd animals. They form complex social hierarchies within herds led by dominant females. They communicate through sounds, scents and body language. - Dairy cows are bred specifically to produce large quantities of milk. The average dairy cow produces around 7 gallons of milk per day. - Cows have almost total 360-degree panoramic vision, allowing them to detect predators. They have excellent hearing and can detect odors up to 6 miles away. - Cattle farming and dairy production provide livelihoods for around 1 billion people globally. However, cattle ranching is also responsible for deforestation in some parts of the world. Let me know if you need any other information about cows and cattle!",Success
0,How do cats act?,How do cats act?,"Here are some common ways cats behave: - Independent - Cats are often independent and like having their own space. They may come and go as they please and not always want a lot of hands-on attention. - Playful - Cats, especially younger ones, are very playful. They love to play with toys, chase things, and pounce. Interactive playtime is important to keep cats mentally and physically active. - Grooming - Cats spend a good amount of time grooming and cleaning themselves. They lick their fur to keep it clean and neat. This is part of their normal routine. - Hunting instincts - Many cats retain their natural hunting instincts. They may ""hunt"" toys or even our ankles and feet! Stalking, pouncing, and chasing behaviors are linked to these instincts. - Aloof - Cats can often appear aloof. They may not always show overt affection or excitement like dogs. But this doesn't mean they don't like you! Subtle signs like slow blinking, purring, and knee-kneading show a cat's contentment.  - Sleeping - Cats sleep a lot, usually 13-16 hours a day! They are crepuscular, which means most active at dawn and dusk. Cats mainly sleep during the day. - Scratching - Cats scratch things to mark territory, remove dead claw sheaths, and stretch their bodies. Providing acceptable scratching posts helps prevent damage to furniture. - Sensitive - Cats can be very sensitive to things like loud noises, new environments, and changes to their routine. Gradual transitions are best. So in summary, key cat behaviors include independence, playfulness, grooming, hunting behaviors, aloofness at times, lots of sleeping, scratching, and sensitivity. Their actions help them thrive in their environment.",Success
0,What kind of food do humans eat?,What kind of food do humans eat?,"Humans eat a wide variety of foods. Some common categories of foods eaten by humans include: - Grains - Bread, pasta, rice, oats, etc. Grains are an important source of carbohydrates and fiber. - Fruits - Apples, oranges, bananas, berries, etc. Fruits provide vitamins, minerals, fiber and phytonutrients. - Vegetables - Broccoli, spinach, carrots, potatoes, etc. Vegetables are nutrient-dense and provide vitamins, minerals and fiber.  - Proteins - Meat, poultry, fish, eggs, beans, nuts, etc. Proteins provide amino acids that are essential for building and repairing muscles and tissues. - Dairy - Milk, cheese, yogurt, etc. Dairy products provide protein, calcium, vitamins A and D. - Fats & oils - Butter, olive oil, nuts, avocado. Fats help with nutrient absorption and hormone production. - Herbs, spices, condiments - Salt, pepper, garlic, onions, etc. These provide flavors and some micro-nutrients. The specific foods and proportions vary greatly among individuals, cultures and cuisines. But generally, a balanced diet will include a variety of nutritious foods from each of these groups. The diversity of human diets reflects the availability of different food sources in regions around the world.",Success
0,Tell me about tuna.,Tell me about tuna.,"Here are some key facts about tuna: - Tuna are large, predatory fish that belong to the family Scombridae. This family includes several species of tuna like bluefin, yellowfin, albacore, and skipjack. - Tuna are found in temperate and tropical oceans around the world. They prefer open waters and are highly migratory fish. Some species like bluefin tuna can swim up to 50 miles per hour. - Tuna are cold-blooded but have special blood vessels in their muscles that help keep them warmer than the surrounding water. This allows them to thrive in colder environments. - All tuna species eat other fish, crustaceans, and squid. They are apex predators with very few natural predators aside from sharks and humans. Their streamlined, torpedo-shaped bodies allow them to move quickly to catch prey. - Many tuna species are severely overfished due to their commercial value. Bluefin tuna in particular are critically endangered due to high demand for sushi and sashimi worldwide. Strict fishing quotas and regulations are now in place to help populations recover. - The meat of tuna is lean, flavorful, and rich in healthy omega-3 fatty acids. It can range from pale pink to dark red depending on the species. Tuna is very popular for eating fresh, canned, smoked, dried, or frozen. - In terms of nutrition, a 3 ounce serving of tuna provides high quality protein, B vitamins, selenium, potassium, iron and magnesium. It's low in calories and saturated fat.",Success
0,Tell me about wales.,Tell me about wales.,"Here are some key facts about Wales: - Wales is a country that is part of the United Kingdom. It shares a border with England to the east. - The capital and largest city of Wales is Cardiff. Other major cities include Swansea, Newport, and Wrexham.  - The population of Wales is about 3.1 million. The main language spoken is English, though Welsh is also an official language. Around 25% of the population speaks Welsh. - The geography of Wales consists mainly of mountainous terrain. The highest mountain is Snowdon at 1,085 meters (3,560 ft). Wales has a long coastline along the Celtic Sea and Irish Sea. - Wales has a rich cultural heritage. It has many castles dating back to the medieval period. Welsh music and poetry is renowned, and the country has its own unique traditions. - Major industries in Wales include agriculture, mining, manufacturing, and tourism. Agriculture focuses on sheep farming in particular. Coal mining was historically very important to Wales.  - Wales is part of the United Kingdom but has some political autonomy. It has its own parliament and government which handle certain policy areas like health and education. However, the UK parliament in London remains sovereign. - Some symbols and emblems of Wales include the red dragon on its flag, the leek and daffodil, and the Prince of Wales feathers. The red dragon dates back to ancient Welsh mythology. Let me know if you would like me to expand on any aspect of Wales! I'm happy to provide more details about its history, culture, geography or politics.",Success
0,Can you tell me more about fish?,Can you tell me more about fish?,"Here are some interesting facts about fish: - Fish come in all different shapes, sizes and colors. There are over 32,000 species of fish that have been identified. The smallest fish is the dwarf goby which grows to only 0.6 inches. The largest fish is the whale shark which can grow to over 40 feet long. - Most fish live in water, but some species can survive on land for short periods of time. Mudskippers are amphibious fish that can use their fins to walk on land. Some fish like climbing perch can even climb trees! - Fish breathe through gills instead of lungs. The gills filter oxygen out of the water as it passes over them.  - Fish are cold blooded, meaning their body temperature matches the temperature of the water they live in.  - Fish have a variety of ways of protecting themselves from predators. Pufferfish inflate themselves with water to appear bigger. Catfish have sharp spines on their fins. Clown fish hide among the tentacles of anemones.  - Most fish reproduce by laying eggs, though some species are livebearers and give birth to live young.  - Fish can be found living at a wide range of depths in the ocean. Some fish live in shallow waters while others inhabit the deepest parts of the ocean at depths of over 7 miles! - Many fish travel in large groups called schools. Fish schools move and turn together, protecting individuals from predators.  Let me know if you would like me to expand on any of these fish facts! I'm happy to provide more details about these fascinating aquatic creatures.",Success
0,What is a zoo?,What is a zoo?,"A zoo is a facility where animals are kept and displayed for the public to view. Some key features of zoos include: - Exhibits and enclosures for animals - These allow the public to safely view the animals and provide habitats that aim to closely mimic the animals' natural environments. Enclosures can be indoor or outdoor. - Animal collections - Zoos maintain groups of wild animals, usually representing a broad range of species from around the world. The animal collection is managed carefully for breeding, conservation, research and education goals. - Visitor amenities - Zoos have walkways, concessions, restrooms, gift shops, education centers and more to create an experience for visitors. Some have amusement rides, shows and events as well. - Conservation and research - Modern zoos focus on conservation efforts like captive breeding programs, support for habitat preservation, and research on animal behavior and biology. Many conduct research to benefit the zoo animals and inform conservation practices. - Public education - Zoos inform visitors about animals, habitats, conservation and biological diversity through exhibits, shows, classes, tours, signage and more. Education is a core part of their mission. So in summary, a zoo is a park-like setting where collections of wild animals are displayed for the public while also serving conservation, research and education goals. It offers a controlled setting for people to observe exotic and endangered species.",Success
0,Is ivory expensive?,Is ivory expensive?,"Yes, ivory is considered a luxury material and can be quite expensive. Some key points about the cost of ivory: - Ivory comes from the tusks and teeth of animals like elephants, walruses, whales, and others. It is valued for its smooth texture, creamy white color, and ability to be carved into intricate objects. - The trade in elephant ivory has been banned in many countries due to declining elephant populations. However, there are still some markets where it is legally sold. - Legal or not, ivory from recently killed elephants is worth more than antique ivory. Poaching continues to threaten elephant populations. - Raw ivory tusks can sell for hundreds or even thousands of dollars per pound. Once carved by artisans into decorations, jewelry, piano keys, etc. its value increases substantially. A single elaborate carving can be worth tens or hundreds of thousands.  - Vintage and antique ivory pieces from the 18th/19th centuries or earlier can also fetch very high prices among collectors and at auction if the craftsmanship is good. - The high prices make ivory attractive to poachers and illegal smugglers. Conservation efforts aim to protect elephant populations by reducing demand and restricting ivory markets. So in summary, yes, due to its rarity, artistry and market demand, both raw and carved ivory tends to have a very high monetary value and luxury prestige. But its trade and use remains controversial.",Success
0,Tell me about ivory.,Tell me about ivory.,"Here are some key points about ivory: - Ivory is a hard, white material from the tusks and teeth of animals, especially elephants. It has historically been used to make items like piano keys, billiard balls, and ornamental carvings.  - The main source of ivory is the tusks of African and Asian elephants. Ivory poaching has caused a major decline in elephant populations. The international ivory trade is banned today. - Besides elephants, ivory can also come from the teeth and tusks of animals like walruses, hippos, whales, and boars. Mammoth ivory from extinct woolly mammoths is also used. - Ivory is made up of dentine surrounded by a layer of enamel. It is hard and durable but can be carved and shaped. Fresh ivory is cream-colored but it yellows with age.  - Synthetic ivory substitutes have been developed, like plastics and resins, to imitate the look of real ivory without harming elephants. However, demand still exists for real ivory on the black market. - Conservation groups are working to protect elephants from poaching and illegal ivory trading. Public awareness campaigns aim to reduce the demand for ivory products worldwide. Many nations have outlawed the import and sale of ivory.",Success
0,What kind of food do lions eat?,What kind of food do lions eat?,"Lions are carnivores and eat mostly meat. Some key facts about a lion's diet: - Lions primarily prey on large mammals such as wildebeests, zebras, antelopes, gazelles, buffalo, warthogs, and impalas. These provide the bulk of a lion's diet. - They occasionally eat smaller prey like hares, birds, and rodents.  - Lions living near the coast may eat fish, seals, and flamingos. - Lions hunt together in prides to take down large prey. A single meal for a pride can weigh over 230 kg. - They eat the meat, bones, internal organs, and gut contents of their prey. Nothing goes to waste. - Male lions eat first at a kill, then lionesses, and finally the cubs get what's left. - On average, lions in the wild eat about 10-25 pounds of food per day.  - Lions gorge themselves when food is plentiful, then fast for several days until their next kill. They can go up to a week without food. So in summary, as carnivores lions mainly survive by hunting and eating the meat of large mammal prey, especially hoofed animals. They work as a pride to hunt and share in consuming their kill.",Success
0,What kinds of food do humans eat?,What kinds of food do humans eat?,"Humans eat a wide variety of foods. Some common categories of foods eaten by humans include: - Grains - Bread, pasta, rice, oats, corn, etc. Grains are a staple food for many cultures. - Fruits - Apples, bananas, oranges, strawberries, etc. Fruits provide vitamins, minerals, fiber and natural sugars. - Vegetables - Carrots, potatoes, broccoli, spinach, etc. Vegetables are nutritious and packed with vitamins, minerals and fiber.  - Meat - Chicken, beef, pork, fish, etc. Meat provides protein and nutrients like iron and B vitamins. - Dairy - Milk, cheese, yogurt, etc. Dairy products are good sources of calcium and protein. - Fats/Oils - Butter, olive oil, etc. Fats help with nutrient absorption and provide essential fatty acids. - Legumes - Beans, lentils, peas, peanuts. Legumes are a good vegetarian protein source. - Nuts/Seeds - Almonds, walnuts, sunflower seeds. Nuts and seeds contain healthy fats, protein and minerals. - Herbs/Spices - Garlic, cinnamon, oregano, etc. Herbs and spices add flavor and have antioxidant properties. - Beverages - Water, coffee, tea, juice, etc. Humans need to stay hydrated by drinking fluids. The types of foods and the amounts consumed vary greatly between cultures, preferences and access. But overall, humans are omnivores and can eat a wide variety of plant and animal foods.",Success
0,Are fish a good source of food?,Are fish a good source of food?,"Here are a few key points on why fish can be a good source of food: - Lean protein. Fish is a lean source of high-quality protein. The protein in fish contains all the essential amino acids needed in the human diet. - Omega-3 fatty acids. Fatty fish like salmon, mackerel, sardines, and trout are rich in the beneficial omega-3 fatty acids EPA and DHA. Omega-3s have been linked to reduced inflammation and heart health benefits. - Vitamins and minerals. Fish provide vitamins like A, D, and B12 as well as minerals like iron, iodine, zinc, calcium, potassium, and selenium. Many of these nutrients are lacking in the average Western diet. - Low in saturated fat. Fish tend to be low in saturated fat, the unhealthy fat that can raise cholesterol levels. Fish have heart-healthy unsaturated fats instead. - Easy to add to diet. Fish can be grilled, baked, pan seared and added easily to salads, tacos, sandwiches and more. It's a versatile ingredient. - Associated health benefits. Eating fish, especially fatty fish, at least twice a week is associated with reduced risk of heart disease, stroke, age-related macular degeneration, and other benefits. So in moderation and for those not sensitive to mercury, fish can be an excellent part of a nutritious diet due to its great nutritional profile. But it's also important to choose sustainable fish sources.",Success
0,Tell me a bit how chickens evolved.,Tell me a bit how chickens evolved.,"Here is a brief overview of how chickens evolved: - The earliest chicken-like birds emerged around 150 million years ago during the Jurassic period as the descendants of theropod dinosaurs. These primitive birds like Archaeopteryx had feathers and wings but retained many reptilian features like teeth and long bony tails. - Over millions of years, these proto-birds evolved into more modern birds, losing features like teeth and tails, developing the horny beak, and becoming adapted for flight. By about 50 million years ago during the Eocene epoch, early galliform birds like Gallus gallus emerged. These were essentially modern chickens. - Domestic chickens are descended from the red junglefowl (Gallus gallus) native to Southeast Asia. It's believed that humans first domesticated chickens around 8,000 years ago during the Neolithic period. Selective breeding produced traits like increased egg production and larger size.  - As chickens were spread around the world, localized breeds emerged with adaptations like cold hardiness, heat tolerance, egg color variations, etc. Modern commercial chickens are hybrids optimized for meat and egg production. - So in summary, chickens evolved from theropod dinosaurs like Velociraptor into early ground-dwelling birds and then into junglefowl that were domesticated, selectively bred, and distributed globally, producing the chickens we know today. Their evolution shows a trend toward flightlessness and adaptability enabled by domestication.",Success
0,The chicken or the egg?,The chicken or the egg?,"This is a classic philosophical question about which came first, the chicken or the egg. There are a few ways to look at this: - Evolutionarily, the egg came first. The first chicken egg was laid by a bird that was not quite a full modern chicken. Over many generations, mutations led to the modern chicken. So the egg, containing the almost-chicken, came before the actual chicken. - Logically, the chicken had to come first. Chickens lay eggs, so a chicken would have had to exist before the first chicken egg could be laid. The chicken is required to lay the egg, so it couldn't have come from an egg. - Definitionally, it depends how you define ""chicken"" and ""egg"". If the egg is defined as containing a chicken, then the egg by definition came first. But if a ""chicken egg"" is defined as an egg laid by a chicken, then the chicken came first.  So in the end, it depends on how you look at it - evolutionarily the egg came first, but logically you could argue the chicken had to come first. It's a puzzling question with no definitive scientific answer, which is what makes it an enduring philosophical paradox.",Success
0,What are eggs?,What are eggs?,"Eggs are the reproductive cells produced by female animals. They contain all the genetic material needed to form a new individual of that species. Some key facts about eggs: - Eggs are enclosed in a protective shell, which allows them to survive outside the body and be fertilized by sperm. The shell is porous though, allowing oxygen and water to pass through. - Bird and reptile eggs have a hard shell, while amphibian and fish eggs have a soft, flexible outer layer.  - The yolk provides food for the developing embryo. It contains proteins, fats, vitamins and minerals. The white (albumen) provides additional nutrition and cushioning to protect the yolk. - Most eggs must be fertilized by sperm to develop into an embryo and hatch. Some species are able to reproduce through parthenogenesis, where an unfertilized egg can develop into a new individual. - The shells come in many sizes, shapes and colors, depending on the species. Chicken eggs are one of the most commonly consumed eggs for humans. - Eggs are an excellent source of nutrients including protein, antioxidants and vitamins. They play an important role in cooking as ingredients in many dishes, desserts and baking.",Success
0,What are hamsters?,What are hamsters?,"Hamsters are small, furry rodents that are commonly kept as pets. Here are a few key facts about hamsters: - Hamsters are rodents that belong to the subfamily Cricetinae. There are about 25 species, including popular pet varieties like the Syrian hamster, dwarf hamster, and Roborovski hamster. - They typically grow to be about 2 to 6 inches long, not including their tails, which are very short. Their fur can be various colors like brown, black, white, gray or a mix. - Hamsters are nocturnal and crepuscular (most active at dawn and dusk). They sleep during the day. - They are omnivorous and will eat commercial hamster food, vegetables, fruits, nuts, seeds, and some insects.  - Hamsters have cheek pouches they use to store and transport food. Their sharp teeth are adapted for chewing and gnawing. - They are solitary in the wild and prefer to live alone in captivity (except for brief periods to mate). Males will fight if housed together. - Hamsters are popular small pets due to their cute appearance, small size, and relatively easy care compared to other rodents. With a proper habitat and nutrition they can live 2-3 years in captivity. - They should be kept in escape-proof cages with bedding material. Exercise wheels and tubes are commonly added for enrichment. Owners need to clean cages regularly. So in summary, hamsters are petite rodents that make fun pets for the right owners who can provide them proper housing and care. Their small size, nocturnal habits, and tendency to stuff their cheeks make them especially cute and entertaining to watch.",Success
0,What is a mouse?,What is a mouse?,"A mouse is a small rodent that typically has a pointed snout, small rounded ears, a body-length scaly tail and a high breeding rate. Mice are found all over the world and live commensally with humans. Some key features of mice include: - Size - Mice are typically 2 to 3 inches long (5-7.5 cm), not including the tail, and weigh about 1/2 to 1 ounce (15-30 grams). They are much smaller than rats. - Appearance - Mice have large, prominent ears, small black eyes, and pointed snouts. Their tails are typically as long as their bodies or slightly longer. Their fur color varies but is commonly gray, brown or black.  - Behavior - Mice are skittish, social animals that are most active at night. They are excellent climbers and can fit through very small spaces. They build nests out of soft materials to live and raise their young in. - Habitat - Mice tend to live in places in close proximity to humans, including houses, barns, garages, fields and agricultural areas. They prefer habitats that provide shelter and easy access to food. - Diet - Omnivorous, mice eat a variety of foods including grains, fruits, seeds and some insects. They have very high metabolisms and need to eat frequently. - Reproduction - Mice breed rapidly, reaching sexual maturity in 6-10 weeks. Females can have 5-10 litters per year with 5-6 young per litter. Their high reproductive rate enables mice to quickly infest areas. So in summary, the mouse is a prolific small rodent that lives near humans worldwide and is recognizable by its pointed face, large ears, long scaly tail and tiny body size. Their nimble movements and rapid reproduction enable them to thrive around people.",Success
0,What is a rat?,What is a rat?,"Here are some key facts about rats: - Rats are medium-sized rodents that belong to the genus Rattus. The two most common species are the brown rat (Rattus norvegicus) and the black rat (Rattus rattus). - Rats have long, scaly tails, small ears, and large incisors that grow continuously. Their bodies are typically 5-10 inches long plus a tail of similar length.  - Rats are omnivores and eat a wide variety of foods. They are very adaptable and live all over the world in proximity to humans. - Rats are social animals that live in large colonies. They can reproduce rapidly under favorable conditions.  - Rats have historically been considered pests that damage crops and spread disease. However, domesticated rats can make good pets. Some rats like the Gambian pouched rat are also used for detection purposes. - Rats are quite intelligent and can be trained to do various tasks. Studies show rats have good long-term memory and metacognition. Their intelligence is thought to be broadly similar to dogs. - Rats have poor eyesight but make up for it with excellent senses of taste, touch, smell and hearing. Their whiskers provide information about their surroundings. So in summary, rats are ubiquitous rodents that are smart, reproductive, and often feared as pests, but can also be trained as pets or working animals. Their biological success reflects their survival skills and adaptability.",Success
0,Where do rats live?,Where do rats live?,"Here are some common places rats live: - In burrows - Rats are excellent burrowers and often dig complex tunnel systems and dens underground or beneath buildings, sidewalks, etc. These burrows provide shelter, safety, and areas to nest and raise young. - In sewers and drains - Rats will easily inhabit sewers, drainage systems, pipes, and other dark, damp human-made structures that provide access to food waste. Sewers provide shelter and connectivity allowing rats to move freely. - In attics or walls of buildings - Rats will find ways to climb into attics or wall voids in houses, apartment buildings, offices, shops, etc. They can gnaw into structures and then nest in insulation or sheltered cavities.  - In junk piles and gardens - Discarded trash, compost piles, wood piles, and overgrown vegetation are attractive nesting spots if they provide cover and access to food. - On farms - Barns, grain silos, food storage areas provide plenty of food. Rats will burrow and nest anywhere in farm structures providing harborage. - In urban alleys and parks - Any areas in cities or towns that have accessible food waste or clutter can become infested with rats looking for sources of food and shelter. - On ships and docks - Rats are well known for being common on ships, boats, and dock areas where they can find food and many places to hide.",Success
0,What is a chicken?,What is a chicken?,"Here are a few key facts about chickens: - Chickens are a type of domesticated bird that are raised for their meat and eggs. They belong to the biological order Galliformes, which also includes turkeys, pheasants, and other fowl.  - There are numerous breeds of chickens, but some of the most common ones include Rhode Island Reds, Leghorns, and Orpingtons. Chicken breeds differ in size, plumage color, egg-laying ability, and temperament. - Chickens are omnivores and will eat a diet of seeds, insects, and plants. Commercial chickens raised for food are fed a high-protein diet of corn, wheat, soybean meal, and vitamin supplements. - Female chickens are called hens and lay eggs. Mature hens will lay about one egg per day. Male chickens are called roosters. Roosters don't lay eggs but fertilize the eggs of hens for reproduction.  - Chickens form social groups called pecks. A peck has a social order with one dominant rooster. Both hens and roosters establish a ""pecking order"" or hierarchy within the group. - Chickens originate from Southeast Asia and were first domesticated around 8,000 years ago. They are now farmed globally as a major source of food. So in summary, chickens are social, egg-laying birds that are an important domesticated farm animal raised globally for meat and eggs. Their biology, behavior, and usages make them an economically and nutritionally valuable poultry species.",Success
0,What is a hen?,What is a hen?,"A hen is an adult female chicken. Some key features of hens: - They are adult female chickens that are typically around 1 year old or older when they begin laying eggs. Hens younger than 1 year old are called pullets. - Hens are known for laying and hatching eggs. A healthy and well-cared for hen can lay anywhere from 200-300 eggs per year. Their egg laying ability peaks at around 2 years old.  - They have distinctive physical features from roosters (male chickens), including: smaller combs and wattles, rounded feathers rather than elongated pointed feathers, and they do not have spurs on their legs.  - Many hen breeds have been developed for egg-laying purposes, like Rhode Island Reds, Leghorns, and Australorps. Other breeds are dual-purpose for both eggs and meat. - In the wild social structure of chickens, hens form the core group and lowest ranking in the pecking order, below the dominant roosters.  - Hens make a distinctive ""clucking"" sound and will sit on nests to warm and incubate fertilized eggs until they hatch into chicks. Mother hens are very protective of their chicks. In summary, a hen is a mature adult female chicken known for egg-laying, clucking vocalizations, and brooding behavior to care for offspring. Their anatomy and appearance differs from male roosters.",Success
0,Why are chicks yellow?,Why are chicks yellow?,"Here are a few reasons why chicks are often yellow in color: - Many chicken breeds have yellow down feathers when they hatch out of their eggs. These down feathers help keep the chicks warm and dry. As they mature, their adult feathers will grow in and often be a different color. - Chicks absorb carotenoid pigments from the egg yolk as they develop, which contributes to their yellow color. Carotenoids are organic pigments that also provide health benefits. - Yellow is a naturally occurring color in wild bird species that chicks inherit genetically through selective breeding. Wild ancestors of domestic chickens probably had yellow down feathers to blend in with their environment. - The yellow color helps camouflage chicks in their environment when they hatch. It helps hide them from potential predators that may be looking for a meal. - Chick nutrition can also affect color.Diets rich in carotenoids and xanthophylls (types of pigments) can intensify the yellow coloring in domestic chicks. So in summary, the yellow color mainly comes from pigments, genetics, and evolutionary camouflage, even though the specific shade may vary by breed. It helps protect chicks when they are most vulnerable as new hatchlings.",Success
0,Why do chickens exist?,Why do chickens exist?,"Here are a few reasons why chickens exist: - Food source - Chickens are raised for their meat and eggs which are important food sources for humans. Their meat is a good source of protein while their eggs are rich in nutrients. - Agriculture - Chickens play an important role in agriculture. Their waste is used as fertilizer and they help control pests by eating insects. Some chickens are used specifically for pest control on farms. - Entertainment and companionship - Chickens can make good pets and are kept by many people for companionship and entertainment value. Chicken shows and competitions revolve around breeding chickens for aesthetic qualities.  - Cultural significance - In some cultures, chickens hold religious and symbolic meaning. For example, the chicken is one of the zodiac animals in the Chinese culture. Chickens are also used in ritual sacrifices in some traditions. - Evolution - The wild ancestors of domesticated chickens (red junglefowl) likely provided early humans with a readily available source of food, causing the chicken to be domesticated around 8,000 years ago. Their evolution reflects their usefulness to humans. So in essence, chickens continue to exist because of their long history of usefulness to humans as a food source, agricultural aid, companion, and cultural symbol. Their traits and abilities have allowed them to fit a valuable domesticated niche over time.",Success
